complexity,loss,equation,score,sympy_format,lambda_format
1,220976.34,1349.1276,0.0,1349.12760000000,PySRFunction(X=>1349.12760000000)
3,201767.05,x1 + 751.67993,0.04547091142546829,x1 + 751.67993,PySRFunction(X=>x1 + 751.67993)
4,119653.92,sqrt(x2) * 39.832283,0.5225102380712187,39.832283*sqrt(x2),PySRFunction(X=>39.832283*sqrt(x2))
5,98548.33,cube(log(x2) + 4.2094517),0.1940564882985504,(log(x2) + 4.2094517)**3,PySRFunction(X=>(log(x2) + 4.2094517)**3)
6,71789.88,(x0 + sqrt(x2)) * 33.554127,0.31680356869731574,33.554127*x0 + 33.554127*sqrt(x2),PySRFunction(X=>33.554127*x0 + 33.554127*sqrt(x2))
8,67957.71,((x0 + sqrt(x2)) * 29.181593) - -193.10956,0.02742895955046752,29.181593*x0 + 29.181593*sqrt(x2) + 193.10956,PySRFunction(X=>29.181593*x0 + 29.181593*sqrt(x2) + 193.10956)
9,58081.78,cube(log(x2 * (x0 * log(square(x1))))),0.15703358251422278,log(x0*x2*log(x1**2))**3,PySRFunction(X=>log(x0*x2*log(x1**2))**3)
10,53204.402,cube(square(log(log(x0 * x1))) + log(x2)),0.08771088014446407,(log(x2) + log(log(x0*x1))**2)**3,PySRFunction(X=>(log(x2) + log(log(x0*x1))**2)**3)
